city,state,region,population,lat,long,tree_city_usa,ref_number_trees,ref_number_species,ref_effective_species,ref_percent_native,ref_most_common_species,ref_most_common_genus
Albuquerque,New Mexico,West,556495,35.0853336,-106.6055534,yes,2533,80,34.308078832395,0.254545454545455,Ulmus pumila,Ulmus
Anaheim,California,West,345012,33.8352932,-117.9145036,yes,79651,291,52.4115988006994,0.0287601788280377,Magnolia grandiflora,Magnolia
Arlington,Texas,South,379577,32.735687,-97.1080656,yes,14827,104,31.4298792645103,0.77599824484423,Ulmus crassifolia,Quercus
Atlanta,Georgia,South,447841,33.7489954,-84.3879824,yes,41307,284,57.0908907510678,0.742588575560376,Cercis canadensis,Quercus
Aurora (CO),Colorado,West,345803,39.7294319,-104.8319195,yes,57658,119,21.5352824061358,0.0857376527784088,Gleditsia triacanthos,Gleditsia
Austin,Texas,South,885400,30.267153,-97.7430608,yes,7295,103,17.557009618414,0.806474190726159,Carya illinoinensis,Quercus
Baltimore,Maryland,South,622104,39.2903848,-76.6121893,yes,121296,305,51.1167494915638,0.563011667633598,Acer rubrum,Acer
Boston,Massachusetts,Northeast,645966,42.3600825,-71.0588801,yes,1333,70,22.7681554706679,0.85456039441249,Pinus strobus,Pinus
Buffalo,New York,Northeast,258959,42.8864468,-78.8783689,yes,132995,192,33.9302813480909,0.30357841985749,Acer platanoides,Acer
Cape Coral,Florida,South,165831,26.5628537,-81.9495331,yes,34287,106,19.5494912033472,0.803425058548009,Sabal palmetto,Quercus
Colorado Springs,Colorado,West,439886,38.8338816,-104.8213634,yes,25478,113,23.9301158249053,0.303177510551883,Pinus ponderosa,Pinus
Columbus,Ohio,Midwest,822553,39.9611755,-82.9987942,yes,151937,227,46.8835676734967,0.609895072723129,Fraxinus pennsylvanica,Acer
Dallas,Texas,South,1257676,32.7766642,-96.7969879,yes,6218,48,14.2988529511914,0.73944236099788,Quercus virginiana,Quercus
Denver,Colorado,West,649495,39.7392358,-104.990251,yes,284739,290,49.2544606009499,0.134989640161956,Fraxinus pennsylvanica,Acer
Des Moines,Iowa,Midwest,207510,41.6005448,-93.6091064,yes,16875,70,27.5486925431994,0.811281966943508,Fraxinus pennsylvanica,Acer
Detroit,Michigan,Midwest,688701,42.331427,-83.0457538,yes,20963,84,34.8729044195797,0.59712639590298,Populus,Quercus
Durham,North Carolina,South,245475,35.9940329,-78.898619,yes,16030,126,26.4793913976829,0.669563078940897,Lagerstroemia,Quercus
Fresno,California,West,509924,36.7468422,-119.7725868,no,6980,57,21.8322792367297,0.147289407839867,Cedrus deodara,Quercus
Garden Grove,California,West,175140,33.7739053,-117.9414477,no,17522,210,34.5816644014696,0.0268325487558843,Lagerstroemia indica,Lagerstroemia
Grand Rapids,Michigan,Midwest,192294,42.9633599,-85.6680863,yes,84361,155,22.150555899696,0.480870017073714,Acer platanoides,Acer
Greensboro,North Carolina,South,279639,36.0726354,-79.7919754,yes,6589,335,56.4157932248966,0.722616741984076,Quercus phellos,Quercus
Honolulu,Hawaii,West,347884,21.3069444,-157.8583333,yes,15440,216,43.6419846849853,0.0051432770022042,Cocos nucifera,Cocos
Houston,Texas,South,2195914,29.7604267,-95.3698028,yes,215139,198,20.987308615399,0.620439150658032,Lagerstroemia indica,Quercus
Huntington Beach,California,West,197575,33.660297,-117.9992265,yes,55828,277,48.5555379058165,0.0506695321540751,Syagrus romanzoffianum,Syagrus
Indianapolis,Indiana,Midwest,843393,39.768403,-86.158068,yes,98942,147,41.8849380051336,0.73649948771772,Acer saccharum,Acer
Irvine,California,West,236716,33.6839473,-117.7946942,yes,58364,123,36.5786550183066,0.122113687183712,Pinus canariensis,Eucalyptus
Jersey City,New Jersey,Northeast,257342,40.7281575,-74.0776417,no,774,31,15.4825146804905,0.804718217562254,Thuja occidentalis,Quercus
Knoxville,Tennessee,South,183270,35.9606384,-83.9207392,yes,10000,137,50.7246312802159,0.70711457401967,Acer rubrum,Acer
Las Vegas,Nevada,West,603488,36.1699412,-115.1398296,yes,39193,120,24.5475937763767,0.267122555828614,Pinus brutia,Pinus
Los Angeles,California,West,3884307,34.0522342,-118.2436849,yes,720140,528,72.6115364150207,0.0744017336168536,Washingtonia robusta,Washingtonia
Louisville,Kentucky,South,609893,38.2526647,-85.7584557,yes,32711,227,70.3114857670796,0.866955248583615,Acer saccharum,Quercus
Madison,Wisconsin,Midwest,243344,43.0730517,-89.4012302,yes,96042,99,14.1587528696539,0.560092840061893,Acer platanoides,Acer
Miami,Florida,South,417650,25.7616798,-80.1917902,yes,732,104,51.0577939426183,0.413547237076649,Pinus elliottii,Eugenia
Milwaukee,Wisconsin,Midwest,599164,43.0389025,-87.9064736,yes,32260,113,30.0466210539994,0.690416666666667,Fraxinus pennsylvanica,Acer
Minneapolis,Minnesota,Midwest,400070,44.977753,-93.2650108,yes,190766,106,17.2217954222761,0.712545832314837,Fraxinus pennsylvanica,Acer
Nashville,Tennessee,South,634464,36.1626638,-86.7816016,yes,2059,55,26.3820820169002,0.423236514522822,Platanus acerifolia,Quercus
New Orleans,Louisiana,South,378715,29.9510658,-90.0715323,yes,105813,297,19.0689742939987,0.477452975333763,Lagerstroemia indica,Lagerstroemia
New York,New York,Northeast,8405837,40.7127837,-74.0059413,yes,683788,124,27.0904210017016,0.300330979037994,Platanus acerifolia,Acer
Oakland,California,West,406253,37.8043637,-122.2711137,yes,38613,164,36.0069255703731,0.0179206803783737,Platanus acerifolia,Pyrus
Oklahoma City,Oklahoma,South,610613,35.4675602,-97.5164276,yes,10000,92,34.3217767284056,0.584135451698945,Juniperus virginiana,Quercus
Ontario,California,West,167500,34.0633443,-117.6508876,no,58577,227,51.9706475234264,0.0515628522052746,Lagerstroemia indica,Lagerstroemia
Orlando,Florida,South,255483,28.5383355,-81.3792365,yes,68211,146,11.7308382513696,0.624384334603185,Quercus virginiana,Quercus
Overland Park,Kansas,Midwest,181260,38.9822282,-94.6707917,yes,45148,123,15.4124952498145,0.456019620916278,Acer rubrum,Acer
Phoenix,Arizona,West,1513367,33.4483771,-112.0740373,yes,214,49,33.4195235606955,0.219101123595506,Fraxinus velutina,Fraxinus
Pittsburgh,Pennsylvania,Northeast,305841,40.4406248,-79.9958864,yes,45703,206,37.4074395099456,0.427228902610768,Acer platanoides,Acer
Plano,Texas,South,274409,33.0198431,-96.6988856,yes,28375,78,18.6144175354933,0.873954050785973,Ulmus crassifolia,Quercus
Portland,Oregon,West,609456,45.5230622,-122.6764816,yes,218602,150,39.7936556916093,0.116057233704293,Acer platanoides,Acer
Providence,Rhode Island,Northeast,177994,41.8239891,-71.4128343,yes,24525,107,23.1927200546696,0.296978909367281,Acer platanoides,Acer
Rancho Cucamonga,California,West,171386,34.1063989,-117.5931084,no,82947,187,29.9305589024467,0.0160121109784855,Lagerstroemia indica,Lagerstroemia
Richmond,Virginia,South,214114,37.5407246,-77.4360481,yes,3272,78,27.1837240756162,0.648725212464589,Acer saccharum,Acer
Rochester,New York,Northeast,210358,43.16103,-77.6109219,yes,64056,163,38.3301467475199,0.406122801391322,Gleditsia triacanthos,Acer
Sacramento,California,West,479686,38.5815719,-121.4943996,yes,87191,99,33.91559593678,0.166091832973514,Platanus acerifolia,Platanus
San Diego,California,West,1355896,32.715738,-117.1610838,yes,212304,121,35.2938931900293,0.0982413865010774,Syagrus romanzoffianum,Syagrus
San Francisco,California,West,837442,37.7749295,-122.4194155,yes,188462,404,63.2367175927233,0.0283141134151502,Platanus acerifolia,Prunus
San Jose,California,West,998537,37.3382082,-121.8863286,yes,347669,424,54.3756666716505,0.069293925801821,Platanus acerifolia,Platanus
Santa Rosa,California,West,171990,38.440429,-122.7140548,no,3016,16,6.50091518199752,0.659090909090909,Quercus,Quercus
Seattle,Washington,West,652405,47.6062095,-122.3320708,yes,165623,399,93.3012708231648,0.0755488312740221,Prunus cerasifera,Acer
Sioux Falls,South Dakota,Midwest,164676,43.5445959,-96.7311034,yes,63024,139,14.3929129717648,0.621795760011085,Fraxinus pennsylvanica,Fraxinus
St. Louis,Missouri,Midwest,318416,38.6270025,-90.1994042,yes,83594,204,29.5704679033734,0.67817785750897,Acer rubrum,Acer
Stockton,California,West,298118,37.9577016,-121.2907796,no,98300,252,38.7977284148009,0.131053170079041,Pistacia chinensis,Pistacia
Tampa,Florida,South,352957,27.950575,-82.4571776,yes,25501,178,19.9220523040392,0.725698185133007,Quercus virginiana,Quercus
Washington (DC),District of Columbia,South,646449,38.9071923,-77.0368707,yes,190991,138,49.7534959186669,0.560706173859178,Acer rubrum,Quercus
Worcester,Massachusetts,Northeast,182544,42.2625932,-71.8022934,yes,17454,87,5.85847113414328,0.281233315536572,Acer platanoides,Acer
