city,state,region,population,lat,long,tree_city_usa,ref_number_trees,ref_number_species,ref_effective_species,ref_percent_native,ref_most_common_species,ref_most_common_genus,elevation_m,area_km2,pct_water,pct_parkland,pct_impervious_proxy,population_density_per_km2,trees_per_km2,trees_per_1000_pop
Albuquerque,New Mexico,West,556495,35.0853336,-106.6055534,yes,2533,80,34.308078832395,0.254545454545455,Ulmus pumila,Ulmus,1587.0,518.4121438492256,0.008643709500413054,0.10128303800451535,0.42805454330925563,1073.4605788128497,4.886073812222838,4.551703070108447
Anaheim,California,West,345012,33.8352932,-117.9145036,yes,79651,291,52.4115988006994,0.0287601788280377,Magnolia grandiflora,Magnolia,61.0,131.68108585397002,0.028259292283496433,0.04861823529770841,0.4330792246956561,2620.057373939086,604.878061898201,230.86443370085678
Arlington,Texas,South,379577,32.735687,-97.1080656,yes,14827,104,31.4298792645103,0.77599824484423,Ulmus crassifolia,Quercus,190.0,258.2537217016141,0.044520777002990466,0.03591406591993509,0.537761295925728,1469.783271656246,57.412531762586134,39.06190311847135
Atlanta,Georgia,South,447841,33.7489954,-84.3879824,yes,41307,284,57.0908907510678,0.742588575560376,Cercis canadensis,Quercus,336.0,352.2565169533925,0.00792372346634463,0.03776574982970691,0.6940559318953573,1271.3490835408857,117.26397671008988,92.23586049513108
Aurora (CO),Colorado,West,345803,39.7294319,-104.8319195,yes,57658,119,21.5352824061358,0.0857376527784088,Gleditsia triacanthos,Gleditsia,1652.0,417.15217463428013,0.013025984970184971,0.03636221432667131,0.30358619309344476,828.9612784667073,138.21814557373247,166.73655231446807
Austin,Texas,South,885400,30.267153,-97.7430608,yes,7295,103,17.557009618414,0.806474190726159,Carya illinoinensis,Quercus,161.0,724.8445642604296,,,,1221.5032624317016,10.064226676574728,8.239213914614863
Baltimore,Maryland,South,622104,39.2903848,-76.6121893,yes,121296,305,51.1167494915638,0.563011667633598,Acer rubrum,Acer,28.0,238.1056368783358,0.12244895725583418,0.08771234522542236,0.4647515086869842,2612.722689626516,509.4209510965013,194.97704563867134
Boston,Massachusetts,Northeast,645966,42.3600825,-71.0588801,yes,1333,70,22.7681554706679,0.85456039441249,Pinus strobus,Pinus,27.0,246.06115984029793,0.020479493976899122,0.07915961983889469,0.13725258955820357,2625.2253725019173,5.417352339821377,2.0635761015285636
Buffalo,New York,Northeast,258959,42.8864468,-78.8783689,yes,132995,192,33.9302813480909,0.30357841985749,Acer platanoides,Acer,188.0,121.29263145529029,0.14014079765605683,0.06670561363572773,0.15333557193285416,2134.993666910879,1096.4804572569878,513.5755080920146
Cape Coral,Florida,South,165831,26.5628537,-81.9495331,yes,34287,106,19.5494912033472,0.803425058548009,Sabal palmetto,Quercus,4.0,306.5711018851701,0.08421028652668096,0.017421267308095758,0.5827654863597576,540.9218252479452,111.84028693233653,206.7586880619426
Colorado Springs,Colorado,West,439886,38.8338816,-104.8213634,yes,25478,113,23.9301158249053,0.303177510551883,Pinus ponderosa,Pinus,1839.0,507.8354137676059,0.005395395852907129,0.03679938911164093,0.4083584755419089,866.1979611396288,50.16979775195269,57.91955188389719
Columbus,Ohio,Midwest,822553,39.9611755,-82.9987942,yes,151937,227,46.8835676734967,0.609895072723129,Fraxinus pennsylvanica,Acer,244.0,582.1651789182671,0.026805464564007144,0.059741433659117014,0.5456479374810378,1412.920301293874,260.9860663296922,184.7139333270926
Dallas,Texas,South,1257676,32.7766642,-96.7969879,yes,6218,48,14.2988529511914,0.73944236099788,Quercus virginiana,Quercus,151.0,1000.4807098300322,,,,1257.0717132703755,6.215012382453983,4.944039641370273
Denver,Colorado,West,649495,39.7392358,-104.990251,yes,284739,290,49.2544606009499,0.134989640161956,Fraxinus pennsylvanica,Acer,1603.0,401.4876133400564,,,,1617.7211411249284,709.2099246380202,438.40060354583176
Des Moines,Iowa,Midwest,207510,41.6005448,-93.6091064,yes,16875,70,27.5486925431994,0.811281966943508,Fraxinus pennsylvanica,Acer,263.0,235.04266584396535,,,,882.8609871952223,71.79547568271107,81.32138210206736
Detroit,Michigan,Midwest,688701,42.331427,-83.0457538,yes,20963,84,34.8729044195797,0.59712639590298,Populus,Quercus,196.0,370.87468927732465,,,,1856.9641442557922,56.523134649193445,30.43846313567136
Durham,North Carolina,South,245475,35.9940329,-78.898619,yes,16030,126,26.4793913976829,0.669563078940897,Lagerstroemia,Quercus,124.0,298.26711407171615,,,,823.0039062937972,53.74377275848689,65.30196557694266
Fresno,California,West,509924,36.7468422,-119.7725868,no,6980,57,21.8322792367297,0.147289407839867,Cedrus deodara,Quercus,97.0,294.796861679927,,,,1729.7470437580346,23.677321258522998,13.688314337038461
Garden Grove,California,West,175140,33.7739053,-117.9414477,no,17522,210,34.5816644014696,0.0268325487558843,Lagerstroemia indica,Lagerstroemia,30.0,46.435587208702636,,,,3771.676219207506,377.3399035797301,100.04567774351946
Grand Rapids,Michigan,Midwest,192294,42.9633599,-85.6680863,yes,84361,155,22.150555899696,0.480870017073714,Acer platanoides,Acer,202.0,117.36752499620518,,,,1638.3918806008512,718.7763395600923,438.70843604064606
Greensboro,North Carolina,South,279639,36.0726354,-79.7919754,yes,6589,335,56.4157932248966,0.722616741984076,Quercus phellos,Quercus,258.0,371.96188417718776,,,,751.7947722481994,17.714180619811206,23.562521679737088
Honolulu,Hawaii,West,347884,21.3069444,-157.8583333,yes,15440,216,43.6419846849853,0.0051432770022042,Cocos nucifera,Cocos,14.0,227.32824882050247,,,,1530.3157518038504,67.91940764120066,44.38261029538582
Houston,Texas,South,2195914,29.7604267,-95.3698028,yes,215139,198,20.987308615399,0.620439150658032,Lagerstroemia indica,Quercus,2.0,1588.647941142575,,,,1382.2533886398214,135.42270406700015,97.97241604179399
Huntington Beach,California,West,197575,33.660297,-117.9992265,yes,55828,277,48.5555379058165,0.0506695321540751,Syagrus romanzoffianum,Syagrus,15.0,162.75535571408585,,,,1213.938546803229,343.0178979675094,282.5661141338732
Indianapolis,Indiana,Midwest,843393,39.768403,-86.158068,yes,98942,147,41.8849380051336,0.73649948771772,Acer saccharum,Acer,222.0,953.4500051550062,,,,884.5697157061593,103.77261467832767,117.31422954660519
Irvine,California,West,236716,33.6839473,-117.7946942,yes,58364,123,36.5786550183066,0.122113687183712,Pinus canariensis,Eucalyptus,32.0,171.00597759834227,,,,1384.2557045344754,341.2980108630178,246.5570557123304
Jersey City,New Jersey,Northeast,257342,40.7281575,-74.0776417,no,774,31,15.4825146804905,0.804718217562254,Thuja occidentalis,Quercus,10.0,54.42364127231273,,,,4728.496550099803,14.221760652273035,3.0076707261154416
Knoxville,Tennessee,South,183270,35.9606384,-83.9207392,yes,10000,137,50.7246312802159,0.70711457401967,Acer rubrum,Acer,283.0,275.75839426722433,,,,664.603521814831,36.263628625243136,54.56430403230206
Las Vegas,Nevada,West,603488,36.1699412,-115.1398296,yes,39193,120,24.5475937763767,0.267122555828614,Pinus brutia,Pinus,615.0,367.75842174241,,,,1640.9902923248421,106.57267837486005,64.94412482104035
Los Angeles,California,West,3884307,34.0522342,-118.2436849,yes,720140,528,72.6115364150207,0.0744017336168536,Washingtonia robusta,Washingtonia,102.0,1361.8630621818022,,,,2852.2008620874567,528.7903167344036,185.39729223256555
Louisville,Kentucky,South,609893,38.2526647,-85.7584557,yes,32711,227,70.3114857670796,0.866955248583615,Acer saccharum,Quercus,144.0,878.1766055980904,,,,694.4992568831034,37.24877182047211,53.63399809474777
Madison,Wisconsin,Midwest,243344,43.0730517,-89.4012302,yes,96042,99,14.1587528696539,0.560092840061893,Acer platanoides,Acer,273.0,274.11205160579203,,,,887.7537436769092,350.374963221685,394.675849825761
Miami,Florida,South,417650,25.7616798,-80.1917902,yes,732,104,51.0577939426183,0.413547237076649,Pinus elliottii,Eugenia,22.0,143.2026126436604,,,,2916.497068662172,5.111638583169424,1.7526637136358194
Milwaukee,Wisconsin,Midwest,599164,43.0389025,-87.9064736,yes,32260,113,30.0466210539994,0.690416666666667,Fraxinus pennsylvanica,Acer,194.0,258.06357095214247,,,,2321.7690036193217,125.0079578492021,53.84168608260843
Minneapolis,Minnesota,Midwest,400070,44.977753,-93.2650108,yes,190766,106,17.2217954222761,0.712545832314837,Fraxinus pennsylvanica,Acer,267.0,148.90631569156363,,,,2686.722844104766,1281.1142302059384,476.8315544779664
Nashville,Tennessee,South,634464,36.1626638,-86.7816016,yes,2059,55,26.3820820169002,0.423236514522822,Platanus acerifolia,Quercus,168.0,1288.7920838698126,,,,492.29352658259376,1.5976199929918176,3.245258990265799
New Orleans,Louisiana,South,378715,29.9510658,-90.0715323,yes,105813,297,19.0689742939987,0.477452975333763,Lagerstroemia indica,Lagerstroemia,13.0,908.9604439006471,,,,416.64629362176623,116.41100634250017,279.40007657473296
New York,New York,Northeast,8405837,40.7127837,-74.0059413,yes,683788,124,27.0904210017016,0.300330979037994,Platanus acerifolia,Acer,51.0,1218.9471083650944,,,,6895.981738924078,560.9660954995222,81.34680698662132
Oakland,California,West,406253,37.8043637,-122.2711137,yes,38613,164,36.0069255703731,0.0179206803783737,Platanus acerifolia,Pyrus,18.0,204.13710289562854,,,,1990.098782815143,189.15228761594653,95.04668273218905
Oklahoma City,Oklahoma,South,610613,35.4675602,-97.5164276,yes,10000,92,34.3217767284056,0.584135451698945,Juniperus virginiana,Quercus,392.0,1607.8519027978896,,,,379.7694295957526,6.219478288142451,16.376985095305866
Ontario,California,West,167500,34.0633443,-117.6508876,no,58577,227,51.9706475234264,0.0515628522052746,Lagerstroemia indica,Lagerstroemia,308.0,129.39545204472267,,,,1294.4813542759396,452.69751814580127,349.7134328358209
Orlando,Florida,South,255483,28.5383355,-81.3792365,yes,68211,146,11.7308382513696,0.624384334603185,Quercus virginiana,Quercus,39.0,352.79314295612124,,,,724.1722383243026,193.34559461231865,266.988410187762
Overland Park,Kansas,Midwest,181260,38.9822282,-94.6707917,yes,45148,123,15.4124952498145,0.456019620916278,Acer rubrum,Acer,329.0,168.34723465133618,,,,1076.7031628134994,268.1837934166604,249.07867152157124
Phoenix,Arizona,West,1513367,33.4483771,-112.0740373,yes,214,49,33.4195235606955,0.219101123595506,Fraxinus velutina,Fraxinus,351.0,1344.7788930160286,,,,1125.364926427323,0.15913396701226282,0.1414065458015141
Pittsburgh,Pennsylvania,Northeast,305841,40.4406248,-79.9958864,yes,45703,206,37.4074395099456,0.427228902610768,Acer platanoides,Acer,231.0,150.81731923802107,,,,2027.8904408672013,303.0354884366508,149.43385615401468
Plano,Texas,South,274409,33.0198431,-96.6988856,yes,28375,78,18.6144175354933,0.873954050785973,Ulmus crassifolia,Quercus,207.0,186.5426788415253,,,,1471.0252994335967,152.10996312594816,103.40404287031402
Portland,Oregon,West,609456,45.5230622,-122.6764816,yes,218602,150,39.7936556916093,0.116057233704293,Acer platanoides,Acer,14.0,374.5674410866325,,,,1627.092836024263,583.611857362264,358.6838098238429
Providence,Rhode Island,Northeast,177994,41.8239891,-71.4128343,yes,24525,107,23.1927200546696,0.296978909367281,Acer platanoides,Acer,-18.0,49.82505648910899,,,,3572.3792915098215,492.2222216719573,137.78554333292135
Rancho Cucamonga,California,West,171386,34.1063989,-117.5931084,no,82947,187,29.9305589024467,0.0160121109784855,Lagerstroemia indica,Lagerstroemia,373.0,119.70264366831044,0.032944049216983746,0.0479102492133665,0.4215478922827354,1431.7645354174579,692.942089314599,483.9776877924685
Richmond,Virginia,South,214114,37.5407246,-77.4360481,yes,3272,78,27.1837240756162,0.648725212464589,Acer saccharum,Acer,57.0,161.64093465971624,,,,1324.6273318744982,20.242397180442932,15.281578971949521
Rochester,New York,Northeast,210358,43.16103,-77.6109219,yes,64056,163,38.3301467475199,0.406122801391322,Gleditsia triacanthos,Acer,155.0,95.04349641969597,,,,2213.281370364309,673.9651045363437,304.5094553095199
Sacramento,California,West,479686,38.5815719,-121.4943996,yes,87191,99,33.91559593678,0.166091832973514,Platanus acerifolia,Platanus,18.0,256.77536841592456,,,,1868.1153218053414,339.56138603905373,181.7668224630279
San Diego,California,West,1355896,32.715738,-117.1610838,yes,212304,121,35.2938931900293,0.0982413865010774,Syagrus romanzoffianum,Syagrus,23.0,964.7741242281253,,,,1405.4025351113087,220.0556530989628,156.57838064276316
San Francisco,California,West,837442,37.7749295,-122.4194155,yes,188462,404,63.2367175927233,0.0283141134151502,Platanus acerifolia,Prunus,16.0,601.385270978931,,,,1392.5216336556055,313.37980674721683,225.0448389261585
San Jose,California,West,998537,37.3382082,-121.8863286,yes,347669,424,54.3756666716505,0.069293925801821,Platanus acerifolia,Platanus,24.0,468.4915362557798,,,,2131.3874909681062,742.1030543659278,348.1783849772217
Santa Rosa,California,West,171990,38.440429,-122.7140548,no,3016,16,6.50091518199752,0.659090909090909,Quercus,Quercus,55.0,110.78924817588036,,,,1552.4069603483733,27.22285826158901,17.535903250188966
Seattle,Washington,West,652405,47.6062095,-122.3320708,yes,165623,399,93.3012708231648,0.0755488312740221,Prunus cerasifera,Acer,64.0,373.3954300122897,,,,1747.2227766111844,443.55925832983223,253.8653137238372
Sioux Falls,South Dakota,Midwest,164676,43.5445959,-96.7311034,yes,63024,139,14.3929129717648,0.621795760011085,Fraxinus pennsylvanica,Fraxinus,440.0,221.1029230152803,,,,744.7934100293162,285.04372145113814,382.7151497485973
St. Louis,Missouri,Midwest,318416,38.6270025,-90.1994042,yes,83594,204,29.5704679033734,0.67817785750897,Acer rubrum,Acer,143.0,171.8333432079695,,,,1853.051299913439,486.4829982317598,262.53077734787195
Stockton,California,West,298118,37.9577016,-121.2907796,no,98300,252,38.7977284148009,0.131053170079041,Pistacia chinensis,Pistacia,5.0,155.89851429318006,,,,1912.2568380566117,630.538401508681,329.7352055226454
Tampa,Florida,South,352957,27.950575,-82.4571776,yes,25501,178,19.9220523040392,0.725698185133007,Quercus virginiana,Quercus,42.0,459.6112934436205,,,,767.9467520379728,55.48384115832904,72.2495941431959
Washington (DC),District of Columbia,South,646449,38.9071923,-77.0368707,yes,190991,138,49.7534959186669,0.560706173859178,Acer rubrum,Quercus,28.0,177.21617579989237,,,,3647.7990628234325,1077.7289326887505,295.44635385003306
Worcester,Massachusetts,Northeast,182544,42.2625932,-71.8022934,yes,17454,87,5.85847113414328,0.281233315536572,Acer platanoides,Acer,154.0,99.5673451687609,,,,1833.3721732822992,175.29843715744835,95.61530370759927
